{
    "key": "group_5faa6d62be6f3",
    "title": "Page: Parent Category",
    "fields": [
        {
            "key": "field_5faa6d9e11240",
            "label": "Hero",
            "name": "parent_category_hero",
            "aria-label": "",
            "type": "group",
            "instructions": "",
            "required": 1,
            "conditional_logic": 0,
            "wrapper": {
                "width": "",
                "class": "",
                "id": ""
            },
            "show_in_graphql": 1,
            "layout": "block",
            "sub_fields": [
                {
                    "key": "field_5faa6db811242",
                    "label": "Subtitle",
                    "name": "subtitle",
                    "aria-label": "",
                    "type": "text",
                    "instructions": "",
                    "required": 1,
                    "conditional_logic": 0,
                    "wrapper": {
                        "width": "",
                        "class": "",
                        "id": ""
                    },
                    "show_in_graphql": 1,
                    "default_value": "",
                    "placeholder": "",
                    "prepend": "",
                    "append": "",
                    "maxlength": "",
                    "translations": "translate"
                },
                {
                    "key": "field_5faa6dce11243",
                    "label": "Description",
                    "name": "description",
                    "aria-label": "",
                    "type": "wysiwyg",
                    "instructions": "",
                    "required": 1,
                    "conditional_logic": 0,
                    "wrapper": {
                        "width": "",
                        "class": "",
                        "id": ""
                    },
                    "show_in_graphql": 1,
                    "default_value": "",
                    "tabs": "all",
                    "toolbar": "full",
                    "media_upload": 0,
                    "delay": 0,
                    "translations": "translate"
                },
                {
                    "key": "field_5fb27ab33078a",
                    "label": "Image",
                    "name": "image",
                    "aria-label": "",
                    "type": "image",
                    "instructions": "",
                    "required": 1,
                    "conditional_logic": 0,
                    "wrapper": {
                        "width": "",
                        "class": "",
                        "id": ""
                    },
                    "show_in_graphql": 1,
                    "return_format": "array",
                    "preview_size": "medium",
                    "library": "all",
                    "min_width": "",
                    "min_height": "",
                    "min_size": "",
                    "max_width": "",
                    "max_height": "",
                    "max_size": "",
                    "mime_types": "",
                    "translations": "copy_once"
                }
            ]
        },
        {
            "key": "field_5faac71dd4753",
            "label": "Sub Pages",
            "name": "sub_pages",
            "aria-label": "",
            "type": "group",
            "instructions": "",
            "required": 1,
            "conditional_logic": 0,
            "wrapper": {
                "width": "",
                "class": "",
                "id": ""
            },
            "show_in_graphql": 1,
            "layout": "block",
            "sub_fields": [
                {
                    "key": "field_5faac763d4754",
                    "label": "Items",
                    "name": "items",
                    "aria-label": "",
                    "type": "repeater",
                    "instructions": "",
                    "required": 1,
                    "conditional_logic": 0,
                    "wrapper": {
                        "width": "",
                        "class": "",
                        "id": ""
                    },
                    "show_in_graphql": 1,
                    "collapsed": "",
                    "min": 3,
                    "max": 0,
                    "layout": "table",
                    "button_label": "Add Row",
                    "sub_fields": [
                        {
                            "key": "field_5faac775d4755",
                            "label": "Title",
                            "name": "title",
                            "aria-label": "",
                            "type": "text",
                            "instructions": "",
                            "required": 1,
                            "conditional_logic": 0,
                            "wrapper": {
                                "width": "",
                                "class": "",
                                "id": ""
                            },
                            "show_in_graphql": 1,
                            "default_value": "",
                            "placeholder": "",
                            "prepend": "",
                            "append": "",
                            "maxlength": "",
                            "translations": "translate",
                            "parent_repeater": "field_5faac763d4754"
                        },
                        {
                            "key": "field_5faac7a7d4757",
                            "label": "Link",
                            "name": "link",
                            "aria-label": "",
                            "type": "link",
                            "instructions": "",
                            "required": 1,
                            "conditional_logic": 0,
                            "wrapper": {
                                "width": "",
                                "class": "",
                                "id": ""
                            },
                            "show_in_graphql": 1,
                            "return_format": "array",
                            "translations": "copy_once",
                            "parent_repeater": "field_5faac763d4754"
                        },
                        {
                            "key": "field_5fb25dae97e6c",
                            "label": "Icon",
                            "name": "icon",
                            "aria-label": "",
                            "type": "file",
                            "instructions": "",
                            "required": 1,
                            "conditional_logic": 0,
                            "wrapper": {
                                "width": "",
                                "class": "",
                                "id": ""
                            },
                            "show_in_graphql": 1,
                            "return_format": "array",
                            "library": "all",
                            "min_size": "",
                            "max_size": "",
                            "mime_types": "",
                            "translations": "copy_once",
                            "parent_repeater": "field_5faac763d4754"
                        }
                    ],
                    "rows_per_page": 20
                },
                {
                    "key": "field_5faac792d4756",
                    "label": "Item Footer Text",
                    "name": "item_footer_text",
                    "aria-label": "",
                    "type": "text",
                    "instructions": "",
                    "required": 1,
                    "conditional_logic": 0,
                    "wrapper": {
                        "width": "",
                        "class": "",
                        "id": ""
                    },
                    "show_in_graphql": 1,
                    "default_value": "",
                    "placeholder": "",
                    "prepend": "",
                    "append": "",
                    "maxlength": "",
                    "translations": "translate"
                }
            ]
        },
        {
            "key": "field_5fb270f939a1b",
            "label": "Related Items",
            "name": "related_items",
            "aria-label": "",
            "type": "group",
            "instructions": "",
            "required": 0,
            "conditional_logic": 0,
            "wrapper": {
                "width": "",
                "class": "",
                "id": ""
            },
            "show_in_graphql": 1,
            "layout": "block",
            "sub_fields": [
                {
                    "key": "field_5fb2710a39a1c",
                    "label": "Title",
                    "name": "title",
                    "aria-label": "",
                    "type": "text",
                    "instructions": "",
                    "required": 0,
                    "conditional_logic": 0,
                    "wrapper": {
                        "width": "",
                        "class": "",
                        "id": ""
                    },
                    "show_in_graphql": 1,
                    "default_value": "",
                    "placeholder": "",
                    "prepend": "",
                    "append": "",
                    "maxlength": "",
                    "translations": "translate"
                },
                {
                    "key": "field_5fb2712439a1d",
                    "label": "Items",
                    "name": "items",
                    "aria-label": "",
                    "type": "repeater",
                    "instructions": "",
                    "required": 0,
                    "conditional_logic": 0,
                    "wrapper": {
                        "width": "",
                        "class": "",
                        "id": ""
                    },
                    "show_in_graphql": 1,
                    "collapsed": "",
                    "min": 0,
                    "max": 0,
                    "layout": "table",
                    "button_label": "Add Row",
                    "sub_fields": [
                        {
                            "key": "field_5fb2712e39a1e",
                            "label": "Link",
                            "name": "link",
                            "aria-label": "",
                            "type": "link",
                            "instructions": "",
                            "required": 0,
                            "conditional_logic": 0,
                            "wrapper": {
                                "width": "",
                                "class": "",
                                "id": ""
                            },
                            "show_in_graphql": 1,
                            "return_format": "array",
                            "translations": "copy_once",
                            "parent_repeater": "field_5fb2712439a1d"
                        }
                    ],
                    "rows_per_page": 20
                }
            ]
        }
    ],
    "location": [
        [
            {
                "param": "page_template",
                "operator": "==",
                "value": "template-parts\/template-parent-category.php"
            }
        ]
    ],
    "menu_order": 0,
    "position": "normal",
    "style": "default",
    "label_placement": "top",
    "instruction_placement": "label",
    "hide_on_screen": [
        "the_content"
    ],
    "active": true,
    "description": "",
    "show_in_rest": 0,
    "modified": 1696862716
}
