{
    "key": "group_5f8da9c248c76",
    "title": "Post Settings",
    "fields": [
        {
            "key": "field_646d129af082c",
            "label": "Is Published",
            "name": "is_published",
            "aria-label": "",
            "type": "true_false",
            "instructions": "Controls whether this entity should be visible in production.",
            "required": 0,
            "conditional_logic": 0,
            "wrapper": {
                "width": "",
                "class": "",
                "id": ""
            },
            "show_in_graphql": 1,
            "message": "",
            "default_value": 0,
            "ui": 0,
            "translations": "copy_once",
            "ui_on_text": "",
            "ui_off_text": ""
        },
        {
            "key": "field_5f8daa20bc0d4",
            "label": "Short Description",
            "name": "short_description",
            "aria-label": "",
            "type": "text",
            "instructions": "",
            "required": 0,
            "conditional_logic": 0,
            "wrapper": {
                "width": "",
                "class": "",
                "id": ""
            },
            "show_in_graphql": 1,
            "default_value": "",
            "placeholder": "",
            "prepend": "",
            "append": "",
            "maxlength": "",
            "translations": "translate"
        }
    ],
    "location": [
        [
            {
                "param": "post_type",
                "operator": "==",
                "value": "post"
            }
        ]
    ],
    "menu_order": 0,
    "position": "normal",
    "style": "default",
    "label_placement": "top",
    "instruction_placement": "label",
    "hide_on_screen": "",
    "active": true,
    "description": "",
    "show_in_rest": 0,
    "modified": 1696328443
}
