{
    "key": "group_5fbd3009bf4ef",
    "title": "Page: Jobs",
    "fields": [
        {
            "key": "field_5fbe3b3383ebe",
            "label": "Jobs Hero Image",
            "name": "jobs_hero_image",
            "aria-label": "",
            "type": "image",
            "instructions": "",
            "required": 1,
            "conditional_logic": 0,
            "wrapper": {
                "width": "",
                "class": "",
                "id": ""
            },
            "show_in_graphql": 1,
            "return_format": "array",
            "preview_size": "medium",
            "library": "all",
            "min_width": "",
            "min_height": "",
            "min_size": "",
            "max_width": "",
            "max_height": "",
            "max_size": "",
            "mime_types": "",
            "translations": "copy_once"
        },
        {
            "key": "field_60fedaee8fc12",
            "label": "Rating Cards",
            "name": "rating_cards",
            "aria-label": "",
            "type": "group",
            "instructions": "",
            "required": 0,
            "conditional_logic": 0,
            "wrapper": {
                "width": "",
                "class": "",
                "id": ""
            },
            "show_in_graphql": 1,
            "layout": "block",
            "sub_fields": [
                {
                    "key": "field_60fedb018fc13",
                    "label": "Title",
                    "name": "title",
                    "aria-label": "",
                    "type": "text",
                    "instructions": "",
                    "required": 1,
                    "conditional_logic": 0,
                    "wrapper": {
                        "width": "",
                        "class": "",
                        "id": ""
                    },
                    "show_in_graphql": 1,
                    "default_value": "",
                    "placeholder": "",
                    "prepend": "",
                    "append": "",
                    "maxlength": "",
                    "translations": "translate"
                },
                {
                    "key": "field_60fedb0e8fc14",
                    "label": "Description",
                    "name": "description",
                    "aria-label": "",
                    "type": "wysiwyg",
                    "instructions": "",
                    "required": 0,
                    "conditional_logic": 0,
                    "wrapper": {
                        "width": "",
                        "class": "",
                        "id": ""
                    },
                    "show_in_graphql": 1,
                    "default_value": "",
                    "tabs": "all",
                    "toolbar": "basic",
                    "media_upload": 0,
                    "delay": 0,
                    "translations": "translate"
                },
                {
                    "key": "field_60fedb1a8fc15",
                    "label": "Items",
                    "name": "items",
                    "aria-label": "",
                    "type": "repeater",
                    "instructions": "",
                    "required": 1,
                    "conditional_logic": 0,
                    "wrapper": {
                        "width": "",
                        "class": "",
                        "id": ""
                    },
                    "show_in_graphql": 1,
                    "collapsed": "",
                    "min": 0,
                    "max": 0,
                    "layout": "table",
                    "button_label": "Add Row",
                    "sub_fields": [
                        {
                            "key": "field_60fedb348fc16",
                            "label": "Description",
                            "name": "description",
                            "aria-label": "",
                            "type": "text",
                            "instructions": "",
                            "required": 1,
                            "conditional_logic": 0,
                            "wrapper": {
                                "width": "",
                                "class": "",
                                "id": ""
                            },
                            "show_in_graphql": 1,
                            "default_value": "",
                            "placeholder": "",
                            "prepend": "",
                            "append": "",
                            "maxlength": "",
                            "translations": "translate",
                            "parent_repeater": "field_60fedb1a8fc15"
                        },
                        {
                            "key": "field_60fedb588fc17",
                            "label": "Image",
                            "name": "image",
                            "aria-label": "",
                            "type": "image",
                            "instructions": "",
                            "required": 1,
                            "conditional_logic": 0,
                            "wrapper": {
                                "width": "",
                                "class": "",
                                "id": ""
                            },
                            "show_in_graphql": 1,
                            "return_format": "array",
                            "preview_size": "medium",
                            "library": "all",
                            "min_width": "",
                            "min_height": "",
                            "min_size": "",
                            "max_width": "",
                            "max_height": "",
                            "max_size": "",
                            "mime_types": "",
                            "translations": "copy_once",
                            "parent_repeater": "field_60fedb1a8fc15"
                        },
                        {
                            "key": "field_60fee742a6b3b",
                            "label": "Link",
                            "name": "link",
                            "aria-label": "",
                            "type": "link",
                            "instructions": "",
                            "required": 0,
                            "conditional_logic": 0,
                            "wrapper": {
                                "width": "",
                                "class": "",
                                "id": ""
                            },
                            "show_in_graphql": 1,
                            "return_format": "array",
                            "translations": "copy_once",
                            "parent_repeater": "field_60fedb1a8fc15"
                        }
                    ],
                    "rows_per_page": 20
                }
            ]
        },
        {
            "key": "field_60fee68850e96",
            "label": "Rating Cards 2",
            "name": "rating_cards_2",
            "aria-label": "",
            "type": "group",
            "instructions": "",
            "required": 0,
            "conditional_logic": 0,
            "wrapper": {
                "width": "",
                "class": "",
                "id": ""
            },
            "show_in_graphql": 1,
            "layout": "block",
            "sub_fields": [
                {
                    "key": "field_60fee68850e97",
                    "label": "Title",
                    "name": "title",
                    "aria-label": "",
                    "type": "text",
                    "instructions": "",
                    "required": 1,
                    "conditional_logic": 0,
                    "wrapper": {
                        "width": "",
                        "class": "",
                        "id": ""
                    },
                    "show_in_graphql": 1,
                    "default_value": "",
                    "placeholder": "",
                    "prepend": "",
                    "append": "",
                    "maxlength": "",
                    "translations": "translate"
                },
                {
                    "key": "field_60fee68850e98",
                    "label": "Description",
                    "name": "description",
                    "aria-label": "",
                    "type": "wysiwyg",
                    "instructions": "",
                    "required": 0,
                    "conditional_logic": 0,
                    "wrapper": {
                        "width": "",
                        "class": "",
                        "id": ""
                    },
                    "show_in_graphql": 1,
                    "default_value": "",
                    "tabs": "all",
                    "toolbar": "basic",
                    "media_upload": 0,
                    "delay": 0,
                    "translations": "translate"
                },
                {
                    "key": "field_60fee68850e99",
                    "label": "Items",
                    "name": "items",
                    "aria-label": "",
                    "type": "repeater",
                    "instructions": "",
                    "required": 1,
                    "conditional_logic": 0,
                    "wrapper": {
                        "width": "",
                        "class": "",
                        "id": ""
                    },
                    "show_in_graphql": 1,
                    "collapsed": "",
                    "min": 0,
                    "max": 0,
                    "layout": "table",
                    "button_label": "Add Row",
                    "sub_fields": [
                        {
                            "key": "field_60fee68850e9a",
                            "label": "Description",
                            "name": "description",
                            "aria-label": "",
                            "type": "wysiwyg",
                            "instructions": "",
                            "required": 1,
                            "conditional_logic": 0,
                            "wrapper": {
                                "width": "",
                                "class": "",
                                "id": ""
                            },
                            "show_in_graphql": 1,
                            "default_value": "",
                            "tabs": "all",
                            "toolbar": "basic",
                            "media_upload": 0,
                            "delay": 0,
                            "translations": "translate",
                            "parent_repeater": "field_60fee68850e99"
                        },
                        {
                            "key": "field_60fee68850e9b",
                            "label": "Image",
                            "name": "image",
                            "aria-label": "",
                            "type": "image",
                            "instructions": "",
                            "required": 1,
                            "conditional_logic": 0,
                            "wrapper": {
                                "width": "",
                                "class": "",
                                "id": ""
                            },
                            "show_in_graphql": 1,
                            "return_format": "array",
                            "preview_size": "medium",
                            "library": "all",
                            "min_width": "",
                            "min_height": "",
                            "min_size": "",
                            "max_width": "",
                            "max_height": "",
                            "max_size": "",
                            "mime_types": "",
                            "translations": "copy_once",
                            "parent_repeater": "field_60fee68850e99"
                        },
                        {
                            "key": "field_60fee75fa6b3c",
                            "label": "Link",
                            "name": "link",
                            "aria-label": "",
                            "type": "link",
                            "instructions": "",
                            "required": 0,
                            "conditional_logic": 0,
                            "wrapper": {
                                "width": "",
                                "class": "",
                                "id": ""
                            },
                            "show_in_graphql": 1,
                            "return_format": "array",
                            "translations": "copy_once",
                            "parent_repeater": "field_60fee68850e99"
                        }
                    ],
                    "rows_per_page": 20
                }
            ]
        }
    ],
    "location": [
        [
            {
                "param": "page_template",
                "operator": "==",
                "value": "template-parts\/template-jobs.php"
            }
        ]
    ],
    "menu_order": 0,
    "position": "normal",
    "style": "default",
    "label_placement": "top",
    "instruction_placement": "label",
    "hide_on_screen": "",
    "active": true,
    "description": "",
    "show_in_rest": 0,
    "modified": 1696930342
}
