{
    "key": "group_6066f520de31f",
    "title": "Page: Page",
    "fields": [
        {
            "key": "field_6066f5406dd10",
            "label": "Enable Contact Us",
            "name": "enable_contact_us",
            "aria-label": "",
            "type": "true_false",
            "instructions": "",
            "required": 0,
            "conditional_logic": 0,
            "wrapper": {
                "width": "",
                "class": "",
                "id": ""
            },
            "show_in_graphql": 1,
            "message": "",
            "default_value": 0,
            "ui": 0,
            "translations": "copy_once",
            "ui_on_text": "",
            "ui_off_text": ""
        }
    ],
    "location": [
        [
            {
                "param": "page_template",
                "operator": "==",
                "value": "default"
            }
        ]
    ],
    "menu_order": 0,
    "position": "normal",
    "style": "default",
    "label_placement": "top",
    "instruction_placement": "label",
    "hide_on_screen": "",
    "active": true,
    "description": "",
    "show_in_rest": 0,
    "modified": 1699276638
}
