{
    "key": "group_5fb692557c455",
    "title": "Event Settings",
    "fields": [
        {
            "key": "field_5fb692828cd34",
            "label": "Logo",
            "name": "logo",
            "aria-label": "",
            "type": "file",
            "instructions": "",
            "required": 1,
            "conditional_logic": 0,
            "wrapper": {
                "width": "",
                "class": "",
                "id": ""
            },
            "show_in_graphql": 1,
            "return_format": "array",
            "library": "all",
            "min_size": "",
            "max_size": "",
            "mime_types": "",
            "translations": "copy_once"
        },
        {
            "key": "field_5fb6932f8cd35",
            "label": "Description",
            "name": "description",
            "aria-label": "",
            "type": "wysiwyg",
            "instructions": "",
            "required": 1,
            "conditional_logic": 0,
            "wrapper": {
                "width": "",
                "class": "",
                "id": ""
            },
            "show_in_graphql": 1,
            "default_value": "",
            "tabs": "all",
            "toolbar": "full",
            "media_upload": 0,
            "delay": 0,
            "translations": "translate"
        },
        {
            "key": "field_5fb693528cd36",
            "label": "Schedule",
            "name": "schedule",
            "aria-label": "",
            "type": "group",
            "instructions": "",
            "required": 0,
            "conditional_logic": 0,
            "wrapper": {
                "width": "",
                "class": "",
                "id": ""
            },
            "show_in_graphql": 1,
            "layout": "block",
            "sub_fields": [
                {
                    "key": "field_5fb699003e520",
                    "label": "Start Date",
                    "name": "start_date",
                    "aria-label": "",
                    "type": "date_picker",
                    "instructions": "",
                    "required": 1,
                    "conditional_logic": 0,
                    "wrapper": {
                        "width": "",
                        "class": "",
                        "id": ""
                    },
                    "show_in_graphql": 1,
                    "display_format": "d\/m\/Y",
                    "return_format": "Y-m-d",
                    "first_day": 1,
                    "translations": "copy_once"
                },
                {
                    "key": "field_5fbd1f20698d0",
                    "label": "Time",
                    "name": "time",
                    "aria-label": "",
                    "type": "time_picker",
                    "instructions": "",
                    "required": 0,
                    "conditional_logic": 0,
                    "wrapper": {
                        "width": "",
                        "class": "",
                        "id": ""
                    },
                    "show_in_graphql": 1,
                    "display_format": "g:i a",
                    "return_format": "g:i a",
                    "translations": "copy_once"
                },
                {
                    "key": "field_5fb6991e3e521",
                    "label": "End Date",
                    "name": "end_date",
                    "aria-label": "",
                    "type": "date_picker",
                    "instructions": "",
                    "required": 0,
                    "conditional_logic": 0,
                    "wrapper": {
                        "width": "",
                        "class": "",
                        "id": ""
                    },
                    "show_in_graphql": 1,
                    "display_format": "F j, Y",
                    "return_format": "Y-m-d",
                    "first_day": 1,
                    "translations": "copy_once"
                }
            ]
        },
        {
            "key": "field_5fbfe976af6c3",
            "label": "Link",
            "name": "link",
            "aria-label": "",
            "type": "url",
            "instructions": "",
            "required": 1,
            "conditional_logic": 0,
            "wrapper": {
                "width": "",
                "class": "",
                "id": ""
            },
            "show_in_graphql": 1,
            "default_value": "",
            "placeholder": "",
            "translations": "copy_once"
        }
    ],
    "location": [
        [
            {
                "param": "post_type",
                "operator": "==",
                "value": "cpt-events"
            }
        ]
    ],
    "menu_order": 0,
    "position": "normal",
    "style": "default",
    "label_placement": "top",
    "instruction_placement": "label",
    "hide_on_screen": "",
    "active": true,
    "description": "",
    "show_in_rest": 0,
    "modified": 1696317344
}
