{
    "key": "group_5fa978e1ae2e1",
    "title": "Menu Banners: Settings",
    "fields": [
        {
            "key": "field_5fa978e996390",
            "label": "Link",
            "name": "link",
            "aria-label": "",
            "type": "link",
            "instructions": "",
            "required": 0,
            "conditional_logic": 0,
            "wrapper": {
                "width": "",
                "class": "",
                "id": ""
            },
            "return_format": "array",
            "translations": "copy_once"
        },
        {
            "key": "field_5fa97d3e05422",
            "label": "Link Text",
            "name": "link_text",
            "aria-label": "",
            "type": "text",
            "instructions": "",
            "required": 0,
            "conditional_logic": 0,
            "wrapper": {
                "width": "",
                "class": "",
                "id": ""
            },
            "default_value": "",
            "translations": "translate",
            "maxlength": "",
            "placeholder": "",
            "prepend": "",
            "append": ""
        },
        {
            "key": "field_5fa979e979c76",
            "label": "Assign to",
            "name": "assign_to",
            "aria-label": "",
            "type": "link",
            "instructions": "Root level menu item link. Eg. \"\/en\/solutions\".",
            "required": 0,
            "conditional_logic": 0,
            "wrapper": {
                "width": "",
                "class": "",
                "id": ""
            },
            "return_format": "array",
            "translations": "copy_once"
        }
    ],
    "location": [
        [
            {
                "param": "post_type",
                "operator": "==",
                "value": "menu_banners"
            }
        ],
        [
            {
                "param": "nav_menu_item",
                "operator": "==",
                "value": "149"
            }
        ],
        [
            {
                "param": "nav_menu_item",
                "operator": "==",
                "value": "154"
            }
        ]
    ],
    "menu_order": 0,
    "position": "normal",
    "style": "default",
    "label_placement": "top",
    "instruction_placement": "label",
    "hide_on_screen": "",
    "active": true,
    "description": "",
    "show_in_rest": 0,
    "modified": 1698239316
}
