{
    "key": "group_5fa01dd972038",
    "title": "Partner Settings",
    "fields": [
        {
            "key": "field_5fa95dc6b5ebf",
            "label": "Logo",
            "name": "logo",
            "aria-label": "",
            "type": "group",
            "instructions": "",
            "required": 0,
            "conditional_logic": 0,
            "wrapper": {
                "width": "",
                "class": "",
                "id": ""
            },
            "show_in_graphql": 1,
            "layout": "block",
            "sub_fields": [
                {
                    "key": "field_5fa95dffb5ec0",
                    "label": "Logo Image",
                    "name": "logo_image",
                    "aria-label": "",
                    "type": "image",
                    "instructions": "",
                    "required": 0,
                    "conditional_logic": 0,
                    "wrapper": {
                        "width": "",
                        "class": "",
                        "id": ""
                    },
                    "show_in_graphql": 1,
                    "return_format": "array",
                    "preview_size": "medium",
                    "library": "all",
                    "min_width": "",
                    "min_height": "",
                    "min_size": "",
                    "max_width": "",
                    "max_height": "",
                    "max_size": "",
                    "mime_types": "",
                    "translations": "copy_once"
                },
                {
                    "key": "field_5fa95e21b5ec1",
                    "label": "Logo Background Color",
                    "name": "logo_background_color",
                    "aria-label": "",
                    "type": "color_picker",
                    "instructions": "",
                    "required": 0,
                    "conditional_logic": 0,
                    "wrapper": {
                        "width": "",
                        "class": "",
                        "id": ""
                    },
                    "show_in_graphql": 1,
                    "default_value": "",
                    "translations": "copy_once",
                    "enable_opacity": false,
                    "return_format": "string"
                }
            ]
        },
        {
            "key": "field_5fa02fd563d4a",
            "label": "Partner Info",
            "name": "partner_info",
            "aria-label": "",
            "type": "group",
            "instructions": "",
            "required": 0,
            "conditional_logic": 0,
            "wrapper": {
                "width": "",
                "class": "",
                "id": ""
            },
            "show_in_graphql": 1,
            "layout": "block",
            "sub_fields": [
                {
                    "key": "field_5fa02fed63d4b",
                    "label": "Items",
                    "name": "items",
                    "aria-label": "",
                    "type": "repeater",
                    "instructions": "",
                    "required": 0,
                    "conditional_logic": 0,
                    "wrapper": {
                        "width": "",
                        "class": "",
                        "id": ""
                    },
                    "show_in_graphql": 1,
                    "collapsed": "",
                    "min": 0,
                    "max": 0,
                    "layout": "table",
                    "button_label": "Add Row",
                    "sub_fields": [
                        {
                            "key": "field_5fa0300063d4c",
                            "label": "Value",
                            "name": "value",
                            "aria-label": "",
                            "type": "text",
                            "instructions": "",
                            "required": 0,
                            "conditional_logic": 0,
                            "wrapper": {
                                "width": "",
                                "class": "",
                                "id": ""
                            },
                            "show_in_graphql": 1,
                            "default_value": "",
                            "placeholder": "",
                            "prepend": "",
                            "append": "",
                            "maxlength": "",
                            "translations": "translate",
                            "parent_repeater": "field_5fa02fed63d4b"
                        },
                        {
                            "key": "field_5fa0300963d4d",
                            "label": "Text",
                            "name": "text",
                            "aria-label": "",
                            "type": "text",
                            "instructions": "",
                            "required": 0,
                            "conditional_logic": 0,
                            "wrapper": {
                                "width": "",
                                "class": "",
                                "id": ""
                            },
                            "show_in_graphql": 1,
                            "default_value": "",
                            "placeholder": "",
                            "prepend": "",
                            "append": "",
                            "maxlength": "",
                            "translations": "translate",
                            "parent_repeater": "field_5fa02fed63d4b"
                        }
                    ],
                    "rows_per_page": 20
                },
                {
                    "key": "field_5fa0301363d4e",
                    "label": "Partner Link",
                    "name": "partner_link",
                    "aria-label": "",
                    "type": "link",
                    "instructions": "",
                    "required": 1,
                    "conditional_logic": 0,
                    "wrapper": {
                        "width": "",
                        "class": "",
                        "id": ""
                    },
                    "show_in_graphql": 1,
                    "return_format": "array",
                    "translations": "copy_once"
                }
            ]
        },
        {
            "key": "field_5fa120bbeef11",
            "label": "Success Story Card",
            "name": "success_story_card",
            "aria-label": "",
            "type": "group",
            "instructions": "",
            "required": 0,
            "conditional_logic": 0,
            "wrapper": {
                "width": "",
                "class": "",
                "id": ""
            },
            "show_in_graphql": 1,
            "layout": "block",
            "sub_fields": [
                {
                    "key": "field_5fa120cceef12",
                    "label": "Success Story",
                    "name": "success_story",
                    "aria-label": "",
                    "type": "post_object",
                    "instructions": "",
                    "required": 0,
                    "conditional_logic": 0,
                    "wrapper": {
                        "width": "",
                        "class": "",
                        "id": ""
                    },
                    "show_in_graphql": 1,
                    "post_type": [
                        "success_stories"
                    ],
                    "taxonomy": "",
                    "allow_null": 1,
                    "multiple": 0,
                    "return_format": "object",
                    "translations": "copy_once",
                    "ui": 1,
                    "bidirectional_target": []
                },
                {
                    "key": "field_5fa1215e94955",
                    "label": "Footer Text",
                    "name": "footer_text",
                    "aria-label": "",
                    "type": "text",
                    "instructions": "",
                    "required": 1,
                    "conditional_logic": 0,
                    "wrapper": {
                        "width": "",
                        "class": "",
                        "id": ""
                    },
                    "show_in_graphql": 1,
                    "default_value": "Read more",
                    "placeholder": "",
                    "prepend": "",
                    "append": "",
                    "maxlength": "",
                    "translations": "translate"
                }
            ]
        }
    ],
    "location": [
        [
            {
                "param": "post_type",
                "operator": "==",
                "value": "partner"
            }
        ]
    ],
    "menu_order": 0,
    "position": "normal",
    "style": "default",
    "label_placement": "top",
    "instruction_placement": "label",
    "hide_on_screen": "",
    "active": true,
    "description": "",
    "show_in_rest": 0,
    "modified": 1696328434
}
